"RelativePath","Name","Extension","SizeMB","SizeBytes","CreationTime","LastWriteTime"
"\.gitignore",".gitignore",".gitignore","0","159","14.02.2026 22:49:55","17.03.2026 21:07:50"
"\config.json","config.json",".json","0","142","16.01.2026 21:26:20","01.09.2026 13:10:25"
"\files.csv","files.csv",".csv","0","0","01.09.2026 14:09:42","01.09.2026 14:09:42"
"\Księga Kampanii (AutoRecovered).odt","Księga Kampanii (AutoRecovered).odt",".odt","10,28","10778597","16.02.2026 08:25:23","16.02.2026 08:25:24"
"\Księga Kampanii.odt","Księga Kampanii.odt",".odt","14,64","15356124","15.02.2026 15:49:59","26.01.2026 20:36:25"
"\Szyszek token Card.card","Szyszek token Card.card",".card","0,21","219444","17.04.2026 11:06:43","17.04.2026 11:47:12"
"\.cache\card_types.json","card_types.json",".json","0","63","16.01.2026 21:26:17","16.01.2026 21:26:17"
"\.cache\file_cache.json","file_cache.json",".json","0,03","26726","16.01.2026 21:26:17","01.09.2026 11:50:23"
"\ContentPackage\Arkham Poznań.pack","Arkham Poznań.pack",".pack","0,02","16355","01.09.2026 11:37:31","01.09.2026 11:50:43"
"\ContentPackage\DRUK2.pdf","DRUK2.pdf",".pdf","111,9","117340438","17.04.2026 12:03:51","17.04.2026 12:09:33"
"\ContentPackage\Druk_check.pdf","Druk_check.pdf",".pdf","607,14","636629807","01.09.2026 12:04:19","01.09.2026 12:04:43"
"\ContentPackage\printTest_.pack","printTest_.pack",".pack","0,01","6947","20.02.2026 15:46:22","20.02.2026 15:50:23"
"\export\Przerażony Wikariusz_advanced_a.png","Przerażony Wikariusz_advanced_a.png",".png","1,46","1533226","27.01.2026 09:41:22","27.01.2026 09:41:22"
"\export\Przerażony Wikariusz_advanced_b.png","Przerażony Wikariusz_advanced_b.png",".png","1,15","1202348","27.01.2026 09:41:22","27.01.2026 09:41:22"
"\Ikony spotkań\a.png","a.png",".png","0,02","23491","16.01.2026 21:26:17","16.01.2026 21:26:17"
"\Ikony spotkań\b.png","b.png",".png","0,03","29553","16.01.2026 21:26:17","16.01.2026 21:26:17"
"\Ikony spotkań\c.png","c.png",".png","0,03","32258","16.01.2026 21:26:17","16.01.2026 21:26:17"
"\Ikony spotkań\d.png","d.png",".png","0,03","32269","16.01.2026 21:26:17","16.01.2026 21:26:17"
"\Ikony spotkań\e.png","e.png",".png","0,03","28144","16.01.2026 21:26:17","16.01.2026 21:26:17"
"\Ikony spotkań\f.png","f.png",".png","0,03","32195","16.01.2026 21:26:17","16.01.2026 21:26:17"
"\Ikony spotkań\g.png","g.png",".png","0,04","37367","16.01.2026 21:26:17","16.01.2026 21:26:17"
"\Ikony spotkań\h.png","h.png",".png","0,04","41229","16.01.2026 21:26:17","16.01.2026 21:26:17"
"\Ikony spotkań\i.png","i.png",".png","0,03","34279","16.01.2026 21:26:17","16.01.2026 21:26:17"
"\Ikony spotkań\j.png","j.png",".png","0,05","50293","16.01.2026 21:26:17","16.01.2026 21:26:17"
"\Ikony spotkań\k.png","k.png",".png","0,04","40409","16.01.2026 21:26:17","16.01.2026 21:26:17"
"\Ikony spotkań\l.png","l.png",".png","0,03","35318","16.01.2026 21:26:17","16.01.2026 21:26:17"
"\Ikony spotkań\m.png","m.png",".png","0,03","32486","16.01.2026 21:26:17","16.01.2026 21:26:17"
"\Ikony spotkań\n.png","n.png",".png","0,04","36770","16.01.2026 21:26:17","16.01.2026 21:26:17"
"\Inspiracje, Materialy\Kurier Poznański 1921.05.03 R.16 nr101 s10.png","Kurier Poznański 1921.05.03 R.16 nr101 s10.png",".png","0,92","967054","08.03.2026 16:58:57","08.03.2026 16:58:58"
"\Inspiracje, Materialy\Kurier Poznański 1926.07.14 R.21 nr318 s.png","Kurier Poznański 1926.07.14 R.21 nr318 s.png",".png","0,44","462121","16.01.2026 22:57:23","16.01.2026 22:57:24"
"\Inspiracje, Materialy\Kurier Poznański 1926.07.14 R.21 nr318 sx.png","Kurier Poznański 1926.07.14 R.21 nr318 sx.png",".png","0,63","658784","16.01.2026 22:58:09","16.01.2026 22:58:09"
"\Inspiracje, Materialy\Kurier Poznański 1926.07.31 R.21 nr348 s5.png","Kurier Poznański 1926.07.31 R.21 nr348 s5.png",".png","0,11","119657","08.03.2026 19:43:50","08.03.2026 19:43:50"
"\Inspiracje, Materialy\Kurier Poznański 1928.04.07 R.23 nr164 s20.png","Kurier Poznański 1928.04.07 R.23 nr164 s20.png",".png","0,8","834551","16.01.2026 21:26:17","16.01.2026 21:26:17"
"\Inspiracje, Materialy\Kurier Poznański 1928.04.07 R.23 nr164 s23.png","Kurier Poznański 1928.04.07 R.23 nr164 s23.png",".png","0,22","230935","16.01.2026 21:26:17","16.01.2026 21:26:17"
"\Inspiracje, Materialy\Screenshot 2026-01-18 193054.png","Screenshot 2026-01-18 193054.png",".png","0,15","158311","18.01.2026 19:31:04","18.01.2026 19:31:04"
"\Karty Badaczy\20260120_2305_Image Generation_remix_01kfepzpjpfhf89k03haypatcz.png","20260120_2305_Image Generation_remix_01kfepzpjpfhf89k03haypatcz.png",".png","2,25","2363507","20.01.2026 23:06:38","20.01.2026 23:06:39"
"\Karty Badaczy\Baruch Hałabała.card","Baruch Hałabała.card",".card","2,83","2968871","20.01.2026 22:21:19","20.01.2026 22:26:39"
"\Karty Badaczy\Baruch token Card.card","Baruch token Card.card",".card","2,35","2463146","17.04.2026 11:09:28","17.04.2026 11:57:37"
"\Karty Badaczy\Bánh mì.card","Bánh mì.card",".card","0,13","132637","16.01.2026 21:26:17","20.01.2026 22:43:26"
"\Karty Badaczy\Czas spowiedzi.card","Czas spowiedzi.card",".card","2,19","2298384","16.01.2026 21:26:17","16.01.2026 21:26:17"
"\Karty Badaczy\Dawny Wspólnik.card","Dawny Wspólnik.card",".card","1,81","1899366","20.01.2026 22:17:34","20.01.2026 22:15:39"
"\Karty Badaczy\Edmund Dalbor.card","Edmund Dalbor.card",".card","3,71","3887499","31.01.2026 15:49:51","31.01.2026 16:00:01"
"\Karty Badaczy\Gomez Toksyczny.card","Gomez Toksyczny.card",".card","0,15","159774","16.01.2026 21:26:17","16.01.2026 21:26:17"
"\Karty Badaczy\Halabarda.card","Halabarda.card",".card","0,24","247090","16.01.2026 21:26:17","16.01.2026 21:26:17"
"\Karty Badaczy\Konrad Kleszcz.card","Konrad Kleszcz.card",".card","0,21","222793","16.01.2026 21:26:17","26.01.2026 16:42:09"
"\Karty Badaczy\Michał z Bargłowa token.card","Michał z Bargłowa token.card",".card","1,81","1899098","16.01.2026 21:26:17","16.01.2026 21:26:17"
"\Karty Badaczy\Michał z Bargłowa.card","Michał z Bargłowa.card",".card","2,01","2109926","16.01.2026 21:26:17","16.01.2026 21:26:17"
"\Karty Badaczy\Paprykarz.card","Paprykarz.card",".card","2,52","2644904","16.01.2026 21:26:17","02.02.2026 22:14:53"
"\Karty Badaczy\paprykarz.png","paprykarz.png",".png","1,89","1983025","16.01.2026 21:26:17","16.01.2026 21:26:17"
"\Karty Badaczy\Szyszek Nowacki.card","Szyszek Nowacki.card",".card","5,61","5884482","20.01.2026 22:17:34","17.04.2026 11:11:18"
"\Karty Badaczy\szyszek nowiczok. sylwetkapng.png","szyszek nowiczok. sylwetkapng.png",".png","4,05","4246900","20.01.2026 22:21:19","20.01.2026 22:21:19"
"\Karty Badaczy\szyszek nowiczok.png","szyszek nowiczok.png",".png","7,59","7957348","20.01.2026 22:21:19","20.01.2026 22:21:19"
"\Karty Badaczy\Taca Ofiarna.card","Taca Ofiarna.card",".card","0,26","273569","16.01.2026 21:26:17","16.01.2026 23:25:48"
"\Karty Badaczy\Wieczne Dylematy.card","Wieczne Dylematy.card",".card","10,89","11415703","20.01.2026 22:21:19","20.01.2026 22:26:39"
"\Karty Badaczy\wieczne dylematy.png","wieczne dylematy.png",".png","8,16","8560814","20.01.2026 22:21:19","20.01.2026 22:21:19"
"\Karty Badaczy\wojciech robak sylwetka.png","wojciech robak sylwetka.png",".png","5,31","5562962","20.01.2026 22:21:19","20.01.2026 22:21:19"
"\Karty Badaczy\Wojciech Robak token card.card","Wojciech Robak token card.card",".card","3,34","3501350","16.01.2026 21:26:17","16.01.2026 21:26:17"
"\Karty Badaczy\Wojciech Robak.card","Wojciech Robak.card",".card","10,42","10921091","16.01.2026 21:26:17","02.02.2026 22:14:54"
"\Karty Badaczy\wojciech robak.png","wojciech robak.png",".png","2,5","2625603","16.01.2026 21:26:17","16.01.2026 21:26:17"
"\Karty Badaczy\Znikanie Bez Śladu.card","Znikanie Bez Śladu.card",".card","3,01","3152503","20.01.2026 22:45:09","20.01.2026 23:14:24"
"\Karty Lokacji\scenariusz 1\Kluczowe\Kościół.card","Kościół.card",".card","4,65","4875584","27.01.2026 09:41:19","27.01.2026 09:41:19"
"\Karty Lokacji\scenariusz 1\Kluczowe\Przerażony Wikariusz.card","Przerażony Wikariusz.card",".card","1,8","1882319","27.01.2026 09:41:19","08.02.2026 11:20:26"
"\Karty Lokacji\scenariusz 1\Kluczowe\Przerażony Wikariusz_back.png","Przerażony Wikariusz_back.png",".png","1,17","1226458","27.01.2026 09:41:19","27.01.2026 09:41:19"
"\Karty Lokacji\scenariusz 1\Kluczowe\Przerażony Wikariusz_front.png","Przerażony Wikariusz_front.png",".png","1,41","1481502","27.01.2026 09:41:19","27.01.2026 09:41:19"
"\Karty Lokacji\scenariusz 1\Kluczowe\Przybrzeżna rampa załadunkowa 7.card","Przybrzeżna rampa załadunkowa 7.card",".card","3,5","3666358","27.01.2026 09:41:19","27.01.2026 09:41:19"
"\Karty Lokacji\scenariusz 1\Kluczowe\Przybrzeżna rampa załadunkowa 7_back.png","Przybrzeżna rampa załadunkowa 7_back.png",".png","1,33","1393519","08.02.2026 11:20:26","08.02.2026 11:20:26"
"\Karty Lokacji\scenariusz 1\Kluczowe\Przybrzeżna rampa załadunkowa 7_front.png","Przybrzeżna rampa załadunkowa 7_front.png",".png","1,42","1488544","08.02.2026 11:20:26","08.02.2026 11:20:26"
"\Karty Lokacji\scenariusz 1\Kluczowe\Skraj Lasu.card","Skraj Lasu.card",".card","5,5","5767307","08.02.2026 11:20:27","08.02.2026 11:20:27"
"\Karty Lokacji\scenariusz 1\Kluczowe\Zachrystia.card","Zachrystia.card",".card","4,01","4203587","27.01.2026 09:41:19","27.01.2026 09:41:19"
"\Karty Lokacji\scenariusz 1\Kluczowe\Środek wioski.card","Środek wioski.card",".card","6,32","6623151","27.01.2026 09:41:19","27.01.2026 09:41:19"
"\Karty Lokacji\scenariusz 1\Losowe\9 Warsztat Kowalski.card","9 Warsztat Kowalski.card",".card","3,7","3878165","27.01.2026 09:41:19","27.01.2026 09:41:19"
"\Karty Lokacji\scenariusz 1\Losowe\Kapliczka 8.card","Kapliczka 8.card",".card","3,67","3853005","27.01.2026 09:41:19","27.01.2026 09:41:19"
"\Karty Lokacji\scenariusz 1\Losowe\Kostnica 12.card","Kostnica 12.card",".card","4,39","4598143","27.01.2026 09:41:19","27.01.2026 09:41:19"
"\Karty Lokacji\scenariusz 1\Losowe\Pod Rogatym 3.card","Pod Rogatym 3.card",".card","13,94","14621316","27.01.2026 09:41:19","02.02.2026 22:14:54"
"\Karty Lokacji\scenariusz 1\Losowe\Skład Drewna 10.card","Skład Drewna 10.card",".card","6,03","6321048","27.01.2026 09:41:19","27.01.2026 09:41:19"
"\Karty Lokacji\scenariusz 1\Losowe\Stary magazyn zbożowy 6.card","Stary magazyn zbożowy 6.card",".card","13,46","14109938","27.01.2026 09:41:19","27.01.2026 09:41:19"
"\Karty Lokacji\scenariusz 1\Losowe\Targ Rybny 1.card","Targ Rybny 1.card",".card","16,19","16976016","27.01.2026 09:41:20","27.01.2026 09:41:20"
"\Karty Lokacji\scenariusz 1\Losowe\Warsztat Kowalski 9.card","Warsztat Kowalski 9.card",".card","3,7","3878102","27.01.2026 09:41:20","27.01.2026 09:41:20"
"\Karty Lokacji\scenariusz 1\Losowe\Warsztat Kołodzieja.card","Warsztat Kołodzieja.card",".card","14,79","15508888","27.01.2026 09:41:20","27.01.2026 09:41:20"
"\Karty Lokacji\scenariusz 1\Losowe\Warsztat Mechaniczny 11.card","Warsztat Mechaniczny 11.card",".card","4,39","4601001","27.01.2026 09:41:20","27.01.2026 09:41:20"
"\Karty Lokacji\scenariusz 1\Losowe\Wędzarnio-suszarnia 8.card","Wędzarnio-suszarnia 8.card",".card","5,37","5629908","27.01.2026 09:41:20","27.01.2026 09:41:20"
"\Karty Lokacji\scenariusz 1\Losowe\Las\Gęsty Las.card","Gęsty Las.card",".card","4,9","5142772","08.02.2026 11:20:27","08.02.2026 11:20:27"
"\Karty Lokacji\scenariusz 1\Losowe\Las\Polana.card","Polana.card",".card","4,98","5223454","08.02.2026 11:20:27","08.02.2026 11:20:27"
"\Karty Lokacji\scenariusz 1\Losowe\Las\Ścieżka wśród krzaków.card","Ścieżka wśród krzaków.card",".card","5","5243480","08.02.2026 11:20:27","09.02.2026 19:11:48"
"\Karty Lokacji\scenariusz 2\Dworzec Puszczykowo.card","Dworzec Puszczykowo.card",".card","26,72","28020091","27.01.2026 09:41:20","10.02.2026 20:35:52"
"\Karty Lokacji\scenariusz 2\Dworzec Puszczykowo.png","Dworzec Puszczykowo.png",".png","10,02","10506961","27.01.2026 09:41:20","27.01.2026 09:41:20"
"\Karty Lokacji\scenariusz 2\Fabryka Drożdży.card","Fabryka Drożdży.card",".card","31,97","33520943","02.02.2026 22:14:55","10.02.2026 20:35:52"
"\Karty Lokacji\scenariusz 2\Fabryka Drożdży.png","Fabryka Drożdży.png",".png","11,99","12569857","02.02.2026 22:14:55","02.02.2026 22:14:55"
"\Karty Lokacji\scenariusz 2\Most Chwaliszewski A.card","Most Chwaliszewski A.card",".card","34,73","36419441","02.02.2026 22:14:56","10.02.2026 20:35:53"
"\Karty Lokacji\scenariusz 2\Most Chwaliszewski B.card","Most Chwaliszewski B.card",".card","38,42","40285739","02.02.2026 22:14:56","10.02.2026 20:35:53"
"\Karty Lokacji\scenariusz 2\most chwaliszewski B.png","most chwaliszewski B.png",".png","14,41","15106451","02.02.2026 22:14:59","02.02.2026 22:14:59"
"\Karty Lokacji\scenariusz 2\most chwaliszewski.png","most chwaliszewski.png",".png","13,02","13656761","02.02.2026 22:14:59","02.02.2026 22:14:59"
"\Karty Lokacji\scenariusz 2\Pradawne Dęby.card","Pradawne Dęby.card",".card","21,96","23023927","27.01.2026 09:41:20","10.02.2026 20:35:53"
"\Karty Lokacji\scenariusz 2\pradawne dęby.png","pradawne dęby.png",".png","8,23","8633440","27.01.2026 09:41:21","27.01.2026 09:41:21"
"\Karty Lokacji\scenariusz 2\przystań def.png","przystań def.png",".png","1,61","1691284","16.01.2026 21:26:20","16.01.2026 21:26:20"
"\Karty Lokacji\scenariusz 2\Przystań.card","Przystań.card",".card","0,47","492608","16.01.2026 21:26:19","10.02.2026 20:35:53"
"\Karty Lokacji\scenariusz 2\Rozlewiska Dębiny.card","Rozlewiska Dębiny.card",".card","35,11","36811795","02.02.2026 22:14:57","10.02.2026 20:35:54"
"\Karty Lokacji\scenariusz 2\Rozlewiska Dębiny.png","Rozlewiska Dębiny.png",".png","13,16","13803890","02.02.2026 22:14:57","02.02.2026 22:14:57"
"\Karty Lokacji\scenariusz 2\Skażony Nurt.card","Skażony Nurt.card",".card","33,29","34907865","02.02.2026 22:14:58","10.02.2026 20:35:54"
"\Karty Lokacji\scenariusz 2\Skażony Nurt.png","Skażony Nurt.png",".png","12,48","13089934","02.02.2026 22:14:58","02.02.2026 22:14:58"
"\Karty Lokacji\scenariusz 2\stara przystań.jpeg","stara przystań.jpeg",".jpeg","0,18","184194","05.02.2026 12:55:16","05.02.2026 12:55:16"
"\Karty Lokacji\scenariusz 2\Zakole Warty.card","Zakole Warty.card",".card","21,84","22900095","16.01.2026 21:26:20","05.02.2026 12:55:16"
"\Karty Lokacji\scenariusz 2\Zakole Warty.png","Zakole Warty.png",".png","8,19","8587003","16.01.2026 21:26:20","05.02.2026 12:55:16"
"\Karty Lokacji\scenariusz 2\Zrujnowany Fort.card","Zrujnowany Fort.card",".card","19,55","20503708","02.02.2026 22:14:58","10.02.2026 20:35:54"
"\Karty Lokacji\scenariusz 2\zrujnowany fort.png","zrujnowany fort.png",".png","7,33","7688379","02.02.2026 22:14:59","02.02.2026 22:14:59"
"\Karty Lokacji\scenariusz 2\Łęgi Wierzbowe.card","Łęgi Wierzbowe.card",".card","27,73","29072718","27.01.2026 09:41:21","10.02.2026 20:35:55"
"\Karty Lokacji\scenariusz 2\Łęgi Wierzbowe.png","Łęgi Wierzbowe.png",".png","10,4","10901725","27.01.2026 09:41:22","27.01.2026 09:41:22"
"\Karty Lokacji\scenariusz 2\archiwum\pradawne dęby 15.png","pradawne dęby 15.png",".png","8,73","9154832","27.01.2026 09:41:21","27.01.2026 09:41:21"
"\Karty Lokacji\scenariusz 2\archiwum\pradawne dęby 9.png","pradawne dęby 9.png",".png","8,79","9216469","27.01.2026 09:41:21","27.01.2026 09:41:21"
"\Karty Lokacji\scenariusz 2\archiwum\przystań 15.png","przystań 15.png",".png","1,69","1768451","27.01.2026 09:41:21","27.01.2026 09:41:21"
"\Karty Lokacji\scenariusz 2\archiwum\przystań 9.png","przystań 9.png",".png","1,61","1692429","27.01.2026 09:41:21","27.01.2026 09:41:21"
"\Karty Lokacji\scenariusz 2\archiwum\Przystań_kor_15.card","Przystań_kor_15.card",".card","4,5","4717300","27.01.2026 09:41:20","27.01.2026 09:41:20"
"\Karty Lokacji\scenariusz 2\archiwum\Przystań_kor_9.card","Przystań_kor_9.card",".card","4,31","4514477","27.01.2026 09:41:20","27.01.2026 09:41:20"
"\Karty Lokacji\scenariusz 2\archiwum\Zakole Warty 15.card","Zakole Warty 15.card",".card","22,23","23310335","27.01.2026 09:41:21","27.01.2026 09:41:21"
"\Karty Lokacji\scenariusz 2\archiwum\Zakole Warty 15.png","Zakole Warty 15.png",".png","8,34","8740841","27.01.2026 09:41:21","27.01.2026 09:41:21"
"\Karty Lokacji\scenariusz 2\archiwum\Zakole Warty 9.card","Zakole Warty 9.card",".card","22,02","23087156","27.01.2026 09:41:21","27.01.2026 09:41:21"
"\Karty Lokacji\scenariusz 2\archiwum\Zakole Warty 9.png","Zakole Warty 9.png",".png","8,26","8657173","27.01.2026 09:41:21","27.01.2026 09:41:21"
"\Karty Lokacji\scenariusz 2\Karty Barier\Pruskie Miny Rzeczne.card","Pruskie Miny Rzeczne.card",".card","10,32","10822246","02.02.2026 22:14:55","10.02.2026 20:35:52"
"\Karty Lokacji\scenariusz 2\Karty Barier\Toksyczny Kożuch.card","Toksyczny Kożuch.card",".card","20,17","21148307","02.02.2026 22:14:55","10.02.2026 20:35:52"
"\Karty Lokacji\scenariusz 2\Karty Barier\Żyjący Zator.card","Żyjący Zator.card",".card","21,4","22436275","02.02.2026 22:14:55","10.02.2026 20:35:52"
"\Karty Lokacji\scenariusz 3\Biblioteka Uniwersytecka.card","Biblioteka Uniwersytecka.card",".card","3,64","3815734","16.01.2026 21:26:20","17.03.2026 21:03:49"
"\Karty Lokacji\scenariusz 3\Biblioteka Uniwersytecka_kor_9.card","Biblioteka Uniwersytecka_kor_9.card",".card","1,93","2026355","16.01.2026 21:26:20","20.02.2026 15:50:21"
"\Karty Lokacji\scenariusz 3\Cytadela.card","Cytadela.card",".card","0,48","501958","16.01.2026 21:26:20","17.03.2026 21:03:49"
"\Karty Lokacji\scenariusz 3\Dyrekcja Zakładu.card","Dyrekcja Zakładu.card",".card","0,37","391533","16.01.2026 21:26:20","17.03.2026 21:03:49"
"\Karty Lokacji\scenariusz 3\Dyrekcja Zakładu_kor_9.card","Dyrekcja Zakładu_kor_9.card",".card","0,32","336763","16.01.2026 21:26:20","17.03.2026 21:03:49"
"\Karty Lokacji\scenariusz 3\Linia Rozlewnicza.card","Linia Rozlewnicza.card",".card","0,42","438053","16.01.2026 21:26:20","17.03.2026 21:03:49"
"\Karty Lokacji\scenariusz 3\Linia Rozlewnicza_kor_9.card","Linia Rozlewnicza_kor_9.card",".card","0,44","462329","16.01.2026 21:26:20","17.03.2026 21:03:49"
"\Karty Lokacji\scenariusz 3\Mleczarnia Spółdzielcza.card","Mleczarnia Spółdzielcza.card",".card","0,36","379570","25.01.2026 20:15:33","17.03.2026 21:03:49"
"\Karty Lokacji\scenariusz 3\Nadbrzeże Warty.card","Nadbrzeże Warty.card",".card","0,44","457657","16.01.2026 21:26:20","20.02.2026 15:50:21"
"\Karty Lokacji\scenariusz 3\Ogród Botaniczny.card","Ogród Botaniczny.card",".card","3,6","3773881","24.01.2026 20:17:26","20.02.2026 15:50:21"
"\Karty Lokacji\scenariusz 3\Ostrów Tumski.card","Ostrów Tumski.card",".card","5,86","6139502","25.01.2026 18:40:51","20.02.2026 15:50:21"
"\Karty Lokacji\scenariusz 3\Rynek Jeżycki.card","Rynek Jeżycki.card",".card","3,64","3814855","25.01.2026 11:12:47","20.02.2026 15:50:21"
"\Karty Lokacji\scenariusz 3\Sołacz.card","Sołacz.card",".card","6,74","7065187","25.01.2026 11:56:44","17.03.2026 21:03:49"
"\Karty Lokacji\scenariusz 3\Stary Rynek.card","Stary Rynek.card",".card","3,25","3409298","16.01.2026 21:26:20","20.02.2026 15:50:22"
"\Karty Lokacji\scenariusz 3\Tunele Forteczne.card","Tunele Forteczne.card",".card","0,39","407184","16.01.2026 21:26:20","20.02.2026 15:50:22"
"\Karty Lokacji\scenariusz 3\UAM.card","UAM.card",".card","0,35","366220","16.01.2026 21:26:20","20.02.2026 15:50:22"
"\Karty Lokacji\scenariusz 3\Zakłady Cegielskiego.card","Zakłady Cegielskiego.card",".card","0,36","378222","16.01.2026 21:26:20","20.02.2026 15:50:22"
"\Karty Scenariusza\Korzenie.card","Korzenie.card",".card","0","530","16.01.2026 21:26:20","16.01.2026 21:26:20"
"\Karty Scenariusza\set.png","set.png",".png","1,66","1744224","16.01.2026 21:26:20","16.01.2026 21:26:20"
"\Karty Scenariusza\set2.png","set2.png",".png","1,74","1826501","16.01.2026 21:26:20","16.01.2026 21:26:20"
"\Karty Scenariusza\test.card","test.card",".card","0","479","16.01.2026 21:26:20","16.01.2026 21:26:20"
"\Karty Scenariusza\scenariusz 2\Akt 1.card","Akt 1.card",".card","2,64","2769959","02.02.2026 22:14:59","10.02.2026 20:35:55"
"\Karty Scenariusza\scenariusz 2\Akt 1.png","Akt 1.png",".png","1,98","2076199","02.02.2026 22:14:59","02.02.2026 22:14:59"
"\Karty Scenariusza\scenariusz 2\Akt 2.card","Akt 2.card",".card","2,61","2734988","02.02.2026 22:14:59","10.02.2026 20:35:55"
"\Karty Scenariusza\scenariusz 2\Akt 2.png","Akt 2.png",".png","1,96","2050058","02.02.2026 22:14:59","02.02.2026 22:14:59"
"\Karty Scenariusza\scenariusz 2\Akt 3.card","Akt 3.card",".card","10,32","10822539","02.02.2026 22:14:59","10.02.2026 20:35:55"
"\Karty Scenariusza\scenariusz 2\Akt 3.png","Akt 3.png",".png","0,66","693494","02.02.2026 22:14:59","05.02.2026 12:55:16"
"\Karty Scenariusza\scenariusz 2\Akt 4 Wariant A.card","Akt 4 Wariant A.card",".card","11,18","11723872","02.02.2026 22:14:59","10.02.2026 20:35:55"
"\Karty Scenariusza\scenariusz 2\Akt 4 Wariant B.card","Akt 4 Wariant B.card",".card","10,34","10841076","02.02.2026 22:14:59","10.02.2026 20:35:56"
"\Karty Scenariusza\scenariusz 2\Akt 4a.png","Akt 4a.png",".png","8,38","8791474","02.02.2026 22:14:59","05.02.2026 12:55:16"
"\Karty Scenariusza\scenariusz 2\Akt 4b.png","Akt 4b.png",".png","7,75","8129246","02.02.2026 22:15:00","02.02.2026 22:15:00"
"\Karty Scenariusza\scenariusz 2\Barka Jadwiga.card","Barka Jadwiga.card",".card","2,64","2769839","05.02.2026 12:55:16","09.02.2026 19:11:49"
"\Karty Scenariusza\scenariusz 2\barka jadwiga.png","barka jadwiga.png",".png","0,14","145869","05.02.2026 12:55:16","05.02.2026 12:55:16"
"\Karty Scenariusza\scenariusz 2\Karta Scenariusza.card","Karta Scenariusza.card",".card","0","2317","02.02.2026 22:15:00","10.02.2026 20:35:56"
"\Karty Scenariusza\scenariusz 2\lewiatan.png","lewiatan.png",".png","2,4","2519429","02.02.2026 22:15:02","02.02.2026 22:15:02"
"\Karty Scenariusza\scenariusz 2\Pruskie Miny Rzeczne.png","Pruskie Miny Rzeczne.png",".png","7,74","8115695","02.02.2026 22:15:01","02.02.2026 22:15:01"
"\Karty Scenariusza\scenariusz 2\Tajemnica 1.card","Tajemnica 1.card",".card","0,08","86797","02.02.2026 22:15:02","10.02.2026 20:35:57"
"\Karty Scenariusza\scenariusz 2\tajemnica 1.png","tajemnica 1.png",".png","0,06","64204","02.02.2026 22:15:02","05.02.2026 12:55:16"
"\Karty Scenariusza\scenariusz 2\Tajemnica 2.card","Tajemnica 2.card",".card","2,31","2420877","02.02.2026 22:15:02","10.02.2026 20:35:57"
"\Karty Scenariusza\scenariusz 2\tajemnica 2.png","tajemnica 2.png",".png","1,73","1814417","02.02.2026 22:15:02","05.02.2026 12:55:16"
"\Karty Scenariusza\scenariusz 2\tajemnica 3, test.png","tajemnica 3, test.png",".png","2,58","2703169","05.02.2026 12:55:16","05.02.2026 12:55:16"
"\Karty Scenariusza\scenariusz 2\Tajemnica 3.card","Tajemnica 3.card",".card","3,44","3605504","02.02.2026 22:15:02","10.02.2026 20:35:57"
"\Karty Scenariusza\scenariusz 2\tajemnica 3.png","tajemnica 3.png",".png","14,19","14879089","02.02.2026 22:15:02","02.02.2026 22:15:02"
"\Karty Scenariusza\scenariusz 2\Toksyczny Kożuch.png","Toksyczny Kożuch.png",".png","15,13","15860241","02.02.2026 22:15:02","02.02.2026 22:15:02"
"\Karty Scenariusza\scenariusz 2\żyjący zator.png","żyjący zator.png",".png","16,05","16826205","02.02.2026 22:15:03","02.02.2026 22:15:03"
"\Karty Scenariusza\scenariusz 2\Karty Tkanek\Gąbczasta Narośl.card","Gąbczasta Narośl.card",".card","10,97","11505541","02.02.2026 22:15:00","10.02.2026 20:35:56"
"\Karty Scenariusza\scenariusz 2\Karty Tkanek\gąbczasta narośl.png","gąbczasta narośl.png",".png","8,23","8628320","02.02.2026 22:15:00","02.02.2026 22:15:00"
"\Karty Scenariusza\scenariusz 2\Karty Tkanek\Kokon Młodego.card","Kokon Młodego.card",".card","4,13","4329119","02.02.2026 22:15:00","10.02.2026 20:35:56"
"\Karty Scenariusza\scenariusz 2\Karty Tkanek\kokon młodego.png","kokon młodego.png",".png","3,1","3246117","02.02.2026 22:15:00","02.02.2026 22:15:00"
"\Karty Scenariusza\scenariusz 2\Karty Tkanek\Krwawe Korzenie.card","Krwawe Korzenie.card",".card","10,93","11461538","02.02.2026 22:15:00","10.02.2026 20:35:56"
"\Karty Scenariusza\scenariusz 2\Karty Tkanek\krwawe korzenie.png","krwawe korzenie.png",".png","8,2","8595532","02.02.2026 22:15:00","02.02.2026 22:15:00"
"\Karty Scenariusza\scenariusz 2\Karty Tkanek\miesne pnącza.png","miesne pnącza.png",".png","8,43","8840949","02.02.2026 22:15:01","02.02.2026 22:15:01"
"\Karty Scenariusza\scenariusz 2\Karty Tkanek\Mięsne Pnącza.card","Mięsne Pnącza.card",".card","11,24","11789109","02.02.2026 22:15:00","10.02.2026 20:35:57"
"\Karty Scenariusza\scenariusz 2\Karty Tkanek\Nerwowy Splot.card","Nerwowy Splot.card",".card","0,22","231291","02.02.2026 22:15:00","10.02.2026 20:35:57"
"\Karty Scenariusza\scenariusz 2\Karty Tkanek\nerwowy splot.png","nerwowy splot.png",".png","0,16","172574","02.02.2026 22:15:01","02.02.2026 22:15:01"
"\Karty Scenariusza\scenariusz 2\Karty Tkanek\Ściana Oczu.card","Ściana Oczu.card",".card","11,58","12146519","02.02.2026 22:15:01","10.02.2026 20:35:57"
"\Karty Scenariusza\scenariusz 2\Karty Tkanek\ściana oczu.png","ściana oczu.png",".png","8,69","9109205","02.02.2026 22:15:01","02.02.2026 22:15:01"
"\Karty Scenariusza\scenariusz 2\Karty Tkanek\Śluzowata Błona.card","Śluzowata Błona.card",".card","12,61","13221686","02.02.2026 22:15:01","10.02.2026 20:35:57"
"\Karty Scenariusza\scenariusz 2\Karty Tkanek\śluzowata błonca.png","śluzowata błonca.png",".png","9,46","9915559","02.02.2026 22:15:01","02.02.2026 22:15:01"
"\Karty Scenariusza\scenariusz 2\Karty Tkanek\Żrąca Grzybnia.card","Żrąca Grzybnia.card",".card","3,51","3678429","02.02.2026 22:15:01","10.02.2026 20:35:57"
"\Karty Scenariusza\scenariusz 2\Karty Tkanek\żrąca grzybnia.png","żrąca grzybnia.png",".png","2,63","2758167","02.02.2026 22:15:01","02.02.2026 22:15:01"
"\Karty Scenariusza\scenariusz 3\Akt 1.card","Akt 1.card",".card","3,44","3606743","16.01.2026 21:26:20","20.02.2026 15:50:21"
"\Karty Scenariusza\scenariusz 3\Akt 2.card","Akt 2.card",".card","3,44","3606722","16.01.2026 21:26:20","20.02.2026 15:50:21"
"\Karty Scenariusza\scenariusz 3\Akt 3.card","Akt 3.card",".card","3,44","3606397","16.01.2026 21:26:20","20.02.2026 15:50:21"
"\Karty Scenariusza\scenariusz 3\Akt 4.card","Akt 4.card",".card","3,44","3606781","25.01.2026 23:26:08","20.02.2026 15:50:21"
"\Karty Scenariusza\scenariusz 3\Akt 5.card","Akt 5.card",".card","3,44","3606297","25.01.2026 23:26:20","20.02.2026 15:50:21"
"\Karty Scenariusza\scenariusz 3\Akt 6.card","Akt 6.card",".card","3,44","3607329","31.01.2026 16:45:53","20.02.2026 15:50:21"
"\Karty Scenariusza\scenariusz 3\Karta scenariusza 3.card","Karta scenariusza 3.card",".card","0","1210","16.01.2026 21:26:20","20.02.2026 15:50:20"
"\Karty Scenariusza\scenariusz 3\Tajemnica 1.card","Tajemnica 1.card",".card","0,18","186768","16.01.2026 21:26:20","20.02.2026 15:50:21"
"\Karty Scenariusza\scenariusz 3\Tajemnica 2.card","Tajemnica 2.card",".card","0,18","186771","16.01.2026 21:26:20","20.02.2026 15:50:21"
"\Karty Scenariusza\scenariusz 3\Tajemnica 3.card","Tajemnica 3.card",".card","0,18","186839","16.01.2026 21:26:20","20.02.2026 15:50:21"
"\Karty Scenariusza\scenariusz 3\Tajemnica 4.card","Tajemnica 4.card",".card","0,18","186377","16.01.2026 21:26:20","20.02.2026 15:50:21"
"\Karty Spotkań\Kozi Pomiot.card","Kozi Pomiot.card",".card","0,13","138016","16.01.2026 21:26:20","20.02.2026 15:50:22"
"\Karty Spotkań\Artykuły Kuriera\Bimba.card","Bimba.card",".card","0","1315","19.01.2026 08:30:17","20.02.2026 15:50:22"
"\Karty Spotkań\Artykuły Kuriera\Godzina policyjna 2.card","Godzina policyjna 2.card",".card","0","1264","08.02.2026 23:31:20","20.02.2026 15:50:22"
"\Karty Spotkań\Artykuły Kuriera\Godzina policyjna.card","Godzina policyjna.card",".card","0","1280","19.01.2026 09:41:29","20.02.2026 15:50:22"
"\Karty Spotkań\Artykuły Kuriera\Inflacja.card","Inflacja.card",".card","0","2725","08.02.2026 18:42:09","20.02.2026 15:50:22"
"\Karty Spotkań\Artykuły Kuriera\Seans 2.card","Seans 2.card",".card","0","2990","08.02.2026 21:50:51","20.02.2026 15:50:22"
"\Karty Spotkań\Artykuły Kuriera\Seans 3.card","Seans 3.card",".card","0","2437","08.02.2026 23:12:22","20.02.2026 15:50:22"
"\Karty Spotkań\Artykuły Kuriera\Seans 4.card","Seans 4.card",".card","0","2923","08.02.2026 23:14:55","20.02.2026 15:50:22"
"\Karty Spotkań\Artykuły Kuriera\Seans.card","Seans.card",".card","0","2491","08.02.2026 18:59:05","20.02.2026 15:50:22"
"\Karty Spotkań\Artykuły Kuriera\Sensacyjne Morderstwo.card","Sensacyjne Morderstwo.card",".card","0","2817","08.03.2026 18:11:35","08.03.2026 21:20:45"
"\Karty Spotkań\Artykuły Kuriera\Spis Ludności.card","Spis Ludności.card",".card","0","2791","08.02.2026 17:50:37","20.02.2026 15:50:22"
"\Karty Spotkań\Artykuły Kuriera\Strajk w Cegielskim.card","Strajk w Cegielskim.card",".card","3,52","3693909","08.02.2026 17:02:35","20.02.2026 15:50:22"
"\Karty Spotkań\Artykuły Kuriera\Targi 2.card","Targi 2.card",".card","3,3","3461742","08.02.2026 23:19:22","20.02.2026 15:50:22"
"\Karty Spotkań\Artykuły Kuriera\Targi.card","Targi.card",".card","3,3","3463338","08.02.2026 16:29:39","20.02.2026 15:50:23"
"\Karty Spotkań\Artykuły Kuriera\Zaginięcie_copy1.card","Zaginięcie_copy1.card",".card","0","428","08.02.2026 12:59:13","20.02.2026 15:50:23"
"\Karty Spotkań\Artykuły Kuriera\Znalezisko prof. Kostrzewskiego.card","Znalezisko prof. Kostrzewskiego.card",".card","3,56","3732545","08.02.2026 17:23:14","20.02.2026 15:50:23"
"\Karty Spotkań\scenariusz 1\Brama z gałęzi.card","Brama z gałęzi.card",".card","0,24","250621","05.02.2026 12:55:16","05.02.2026 12:55:16"
"\Karty Spotkań\scenariusz 1\Brama z gałęzi_back.png","Brama z gałęzi_back.png",".png","0,93","978699","08.02.2026 11:20:27","08.02.2026 11:20:27"
"\Karty Spotkań\scenariusz 1\Brama z gałęzi_front.png","Brama z gałęzi_front.png",".png","1,26","1324083","08.02.2026 11:20:27","08.02.2026 11:20:27"
"\Karty Spotkań\scenariusz 1\Ciekawski Wieśniak.card","Ciekawski Wieśniak.card",".card","2,74","2871868","26.01.2026 16:42:10","26.01.2026 16:42:10"
"\Karty Spotkań\scenariusz 1\Gorliwe Kazanie.card","Gorliwe Kazanie.card",".card","2,14","2242101","02.02.2026 22:15:03","02.02.2026 22:15:03"
"\Karty Spotkań\scenariusz 1\Kozi Pomiot.card","Kozi Pomiot.card",".card","0,13","137992","26.01.2026 16:42:10","26.01.2026 16:42:10"
"\Karty Spotkań\scenariusz 1\Kultysta Traktorzysta.card","Kultysta Traktorzysta.card",".card","2,47","2590593","26.01.2026 16:42:10","26.01.2026 16:42:10"
"\Karty Spotkań\scenariusz 1\Nieczysta komunia.card","Nieczysta komunia.card",".card","2,57","2695851","02.02.2026 22:15:03","02.02.2026 22:15:03"
"\Karty Spotkań\scenariusz 1\Nieczysty chrzest.card","Nieczysty chrzest.card",".card","1,92","2012427","02.02.2026 22:15:03","02.02.2026 22:15:03"
"\Karty Spotkań\scenariusz 1\Ojciec Żerdź.card","Ojciec Żerdź.card",".card","1,73","1819119","26.01.2026 16:42:10","26.01.2026 16:42:10"
"\Karty Spotkań\scenariusz 1\Przekonany wyznawca.card","Przekonany wyznawca.card",".card","2,82","2959200","26.01.2026 16:42:10","26.01.2026 16:42:10"
"\Karty Spotkań\scenariusz 1\Wołanie.card","Wołanie.card",".card","2,47","2592635","02.02.2026 22:15:03","02.02.2026 22:15:03"
"\Karty Spotkań\scenariusz 1\Zbłąkany Kultywator.card","Zbłąkany Kultywator.card",".card","1,79","1879501","26.01.2026 16:42:10","26.01.2026 16:42:10"
"\Karty Spotkań\scenariusz 2\Arcykapłan Odrodzonej Warty.card","Arcykapłan Odrodzonej Warty.card",".card","10,54","11051035","05.02.2026 12:55:16","10.02.2026 20:35:57"
"\Karty Spotkań\scenariusz 2\arcykapłan.png","arcykapłan.png",".png","7,9","8287099","05.02.2026 12:55:16","05.02.2026 12:55:16"
"\Karty Spotkań\scenariusz 2\Dar Czarnej Kozy.card","Dar Czarnej Kozy.card",".card","12,33","12926517","09.02.2026 19:11:49","10.02.2026 20:35:58"
"\Karty Spotkań\scenariusz 2\dar czarnej kozy.png","dar czarnej kozy.png",".png","9,24","9694036","09.02.2026 19:11:51","09.02.2026 19:11:51"
"\Karty Spotkań\scenariusz 2\Faustyn Ferment.card","Faustyn Ferment.card",".card","2,72","2855436","05.02.2026 12:55:16","10.02.2026 20:35:58"
"\Karty Spotkań\scenariusz 2\Faustyn Ferment.png","Faustyn Ferment.png",".png","2,04","2140354","05.02.2026 12:55:16","05.02.2026 12:55:16"
"\Karty Spotkań\scenariusz 2\Gwałtowny Rozkwit.card","Gwałtowny Rozkwit.card",".card","18,53","19427989","09.02.2026 19:11:49","10.02.2026 20:35:58"
"\Karty Spotkań\scenariusz 2\gwałtowny rozkwit.png","gwałtowny rozkwit.png",".png","13,9","14570096","09.02.2026 19:11:51","10.02.2026 20:36:00"
"\Karty Spotkań\scenariusz 2\Hierofanta Tysiąca Pędów 2.png","Hierofanta Tysiąca Pędów 2.png",".png","2,21","2313894","10.02.2026 20:35:58","10.02.2026 20:35:58"
"\Karty Spotkań\scenariusz 2\Hierofanta Tysiąca Pędów.card","Hierofanta Tysiąca Pędów.card",".card","2,94","3086570","09.02.2026 19:11:49","10.02.2026 20:35:58"
"\Karty Spotkań\scenariusz 2\Hierofanta Tysiąca Pędów.png","Hierofanta Tysiąca Pędów.png",".png","10,49","10997813","09.02.2026 19:11:50","09.02.2026 19:11:50"
"\Karty Spotkań\scenariusz 2\Kozi Pomiot.card","Kozi Pomiot.card",".card","2,77","2906344","09.02.2026 19:11:50","10.02.2026 20:35:58"
"\Karty Spotkań\scenariusz 2\kozi pomiot.png","kozi pomiot.png",".png","2,08","2178873","10.02.2026 20:36:00","10.02.2026 20:36:00"
"\Karty Spotkań\scenariusz 2\Lewiatan.card","Lewiatan.card",".card","3,21","3360900","05.02.2026 12:55:16","10.02.2026 20:35:58"
"\Karty Spotkań\scenariusz 2\Niekontrolowany Rozrost.card","Niekontrolowany Rozrost.card",".card","19,71","20666171","09.02.2026 19:11:50","10.02.2026 20:35:59"
"\Karty Spotkań\scenariusz 2\Niekontrolowany Rozrost.png","Niekontrolowany Rozrost.png",".png","14,78","15498782","09.02.2026 19:11:50","10.02.2026 20:35:59"
"\Karty Spotkań\scenariusz 2\Nosiciel Zarodników.card","Nosiciel Zarodników.card",".card","3,32","3479209","09.02.2026 19:11:50","10.02.2026 20:35:59"
"\Karty Spotkań\scenariusz 2\Nosiciel Zarodników.png","Nosiciel Zarodników.png",".png","2,49","2608348","09.02.2026 19:11:50","10.02.2026 20:35:59"
"\Karty Spotkań\scenariusz 2\Rytuał Płodności.card","Rytuał Płodności.card",".card","14,69","15402408","09.02.2026 19:11:50","10.02.2026 20:35:59"
"\Karty Spotkań\scenariusz 2\rytuał płodności.png","rytuał płodności.png",".png","11,02","11550842","09.02.2026 19:11:51","09.02.2026 19:11:51"
"\Karty Spotkań\scenariusz 2\Rzeczne Młode.card","Rzeczne Młode.card",".card","3,55","3727595","09.02.2026 19:11:50","10.02.2026 20:35:59"
"\Karty Spotkań\scenariusz 2\Rzeczne Młode.png","Rzeczne Młode.png",".png","2,67","2794543","09.02.2026 19:11:50","10.02.2026 20:35:59"
"\Karty Spotkań\scenariusz 2\Skrzynia Dynamitu.card","Skrzynia Dynamitu.card",".card","10,28","10781549","09.02.2026 19:11:50","10.02.2026 20:36:00"
"\Karty Spotkań\scenariusz 2\Skrzynia Dynamitu.png","Skrzynia Dynamitu.png",".png","7,71","8085263","09.02.2026 19:11:50","09.02.2026 19:11:50"
"\Karty Spotkań\scenariusz 2\Twarze w Korze.card","Twarze w Korze.card",".card","14,42","15122828","09.02.2026 19:11:50","10.02.2026 20:36:00"
"\Karty Spotkań\scenariusz 2\twarze w korze.png","twarze w korze.png",".png","10,82","11341234","09.02.2026 19:11:51","09.02.2026 19:11:51"
"\Karty Spotkań\scenariusz 2\Zapach Feromonów.card","Zapach Feromonów.card",".card","12,34","12934787","09.02.2026 19:11:50","10.02.2026 20:36:00"
"\Karty Spotkań\scenariusz 2\zapach feromonów.png","zapach feromonów.png",".png","9,25","9700158","09.02.2026 19:11:51","09.02.2026 19:11:51"
"\Karty Spotkań\scenariusz 2\Zmutowany Kierownik 2.png","Zmutowany Kierownik 2.png",".png","2,04","2134650","10.02.2026 20:36:00","10.02.2026 20:36:00"
"\Karty Spotkań\scenariusz 2\Zmutowany Kierownik.card","Zmutowany Kierownik.card",".card","2,72","2847617","09.02.2026 19:11:50","10.02.2026 20:36:00"
"\Karty Spotkań\scenariusz 2\Zmutowany Kierownik.png","Zmutowany Kierownik.png",".png","7,43","7785884","09.02.2026 19:11:51","09.02.2026 19:11:51"
"\Karty Spotkań\scenariusz 2\Zwęglony Totem.card","Zwęglony Totem.card",".card","10,69","11208920","09.02.2026 19:11:51","10.02.2026 20:36:00"
"\Karty Spotkań\scenariusz 2\Zwęglony totem.png","Zwęglony totem.png",".png","8,02","8405554","09.02.2026 19:11:51","09.02.2026 19:11:51"
"\Karty Spotkań\scenariusz 2\Żywy Nurt.card","Żywy Nurt.card",".card","10,56","11074926","09.02.2026 19:11:51","10.02.2026 20:36:01"
"\Karty Spotkań\scenariusz 2\żywy nurt.png","żywy nurt.png",".png","7,92","8305607","09.02.2026 19:11:51","10.02.2026 20:36:01"
"\Karty Spotkań\scenariusz 3\Agitator z Wildy.card","Agitator z Wildy.card",".card","0,23","241622","16.01.2026 21:26:20","20.02.2026 15:50:22"
"\Karty Spotkań\scenariusz 3\Cień z Jeżyc.card","Cień z Jeżyc.card",".card","3,28","3439675","11.02.2026 00:30:43","20.02.2026 15:50:22"
"\Karty Spotkań\scenariusz 3\Czarna sadza.card","Czarna sadza.card",".card","2,81","2946340","10.02.2026 23:42:56","20.02.2026 15:50:22"
"\Karty Spotkań\scenariusz 3\Goniec 1.card","Goniec 1.card",".card","0,18","185412","08.02.2026 11:21:42","20.02.2026 15:50:22"
"\Karty Spotkań\scenariusz 3\Goniec 2.card","Goniec 2.card",".card","0,18","185430","08.02.2026 11:21:46","20.02.2026 15:50:22"
"\Karty Spotkań\scenariusz 3\Goniec 3.card","Goniec 3.card",".card","0,18","185393","08.02.2026 11:21:49","20.02.2026 15:50:22"
"\Karty Spotkań\scenariusz 3\Kryzys Aprowizacyjny.card","Kryzys Aprowizacyjny.card",".card","0,21","221392","16.01.2026 21:26:20","20.02.2026 15:50:22"
"\Karty Spotkań\scenariusz 3\Obłąkany Student Teologii.card","Obłąkany Student Teologii.card",".card","3,77","3953337","11.02.2026 00:07:51","20.02.2026 15:50:22"
"\Karty Spotkań\scenariusz 3\Państwowa Cenzura.card","Państwowa Cenzura.card",".card","2,69","2818034","10.02.2026 23:51:17","20.02.2026 15:50:22"
"\Karty Spotkań\scenariusz 3\Smród z Garbar.card","Smród z Garbar.card",".card","4,21","4418199","11.02.2026 00:45:57","20.02.2026 15:50:22"
"\Karty Spotkań\scenariusz 3\Strajk.card","Strajk.card",".card","0,15","160892","16.01.2026 21:26:20","20.02.2026 15:50:22"
"\Karty Spotkań\scenariusz 3\Tej, co wy tu robicie.card","Tej, co wy tu robicie.card",".card","4,01","4209933","11.02.2026 00:20:20","20.02.2026 15:50:22"
"\Karty Spotkań\scenariusz 3\Trauma Pruskiego Drylu.card","Trauma Pruskiego Drylu.card",".card","2,96","3105041","11.02.2026 01:07:06","20.02.2026 15:50:22"
"\Karty Spotkań\scenariusz 3\Wkurwiony Bamber.card","Wkurwiony Bamber.card",".card","4,12","4321592","11.02.2026 00:56:53","20.02.2026 15:50:22"
"\Karty Spotkań\scenariusz 3\Świeża Dostawa.card","Świeża Dostawa.card",".card","3,06","3213043","16.01.2026 21:26:20","20.02.2026 15:50:22"
"\Karty Spotkań\Scenariusz 4\Awatar Kozicy.card","Awatar Kozicy.card",".card","2,49","2607670","08.02.2026 11:20:27","08.02.2026 11:20:27"
"\Karty Spotkań\Scenariusz 4\Awatar Kozicy_back.png","Awatar Kozicy_back.png",".png","0,93","978699","08.02.2026 11:20:27","08.02.2026 11:20:27"
"\Karty Spotkań\Scenariusz 4\Awatar Kozicy_front.png","Awatar Kozicy_front.png",".png","1,42","1487941","08.02.2026 11:20:27","08.02.2026 11:20:27"
